{"cameraMode":{"drawMode":0,"name":"Shaded","section":"Shading Mode"},"sceneLighting":true,"audioPlay":false,"sceneViewState":{"m_AlwaysRefresh":false,"showFog":true,"showSkybox":false,"showFlares":true,"showImageEffects":true,"showParticleSystems":true,"showVisualEffectGraphs":true,"m_FxEnabled":true},"in2DMode":false,"pivot":{"x":3.246150255203247,"y":0.026473388075828553,"z":3.856959342956543},"rotation":{"x":-0.1052980124950409,"y":-0.2754459083080292,"z":0.030395518988370897,"w":-0.9551236033439636},"size":0.8660253286361694,"orthographic":false}